{
    "algeria": [
        0.1607979110052198,
        0.0,
        0.1845878831350636,
        0.2062923615022609,
        0.188796686921661,
        0.2595251610221738,
        0.0
    ],
    "argentina": [
        0.0269361392035273,
        0.0,
        0.05749040657693995,
        0.5262250025229258,
        0.0563627435493221,
        0.3329857156348225,
        0.0
    ],
    "australia": [
        0.1235493430069893,
        0.0,
        0.1884851941353838,
        0.2909646843534725,
        0.1054275757490346,
        0.2915732027551197,
        0.0
    ],
    "austria": [
        0.05539919708749801,
        0.0,
        0.04059730437175675,
        0.3598124118582948,
        0.1896459012811335,
        0.3202846673187043,
        0.03426051814791527
    ],
    "azerbaijan": [
        0.1995639454829146,
        0.0001891343507238436,
        0.07764487211024108,
        0.2566226362280946,
        0.02197296060168281,
        0.2234681443858047,
        0.2205383048821825
    ],
    "bahrain": [
        0.02034531881439211,
        0.006461692570279423,
        0.1420456397428021,
        0.7027420384120584,
        1.85942845455418e-05,
        0.1283867168533827,
        0.0
    ],
    "bangladesh": [
        0.4047231624023502,
        0.001120742908210527,
        0.0900934919236714,
        0.09328027495772837,
        0.06313655150451292,
        0.2947773314629166,
        0.05286844493741619
    ],
    "belarus": [
        0.1995639454829146,
        0.0001891343507238436,
        0.07764487211024108,
        0.2566226362280946,
        0.02197296060168281,
        0.2234681443858047,
        0.2205383048821825
    ],
    "belgium": [
        0.07198627908464987,
        0.0,
        0.1311276793766933,
        0.3763958937410126,
        0.07618359604048049,
        0.3060558499063558,
        0.03825070192067408
    ],
    "brazil": [
        0.08721829056815993,
        0.0,
        0.1206429891884367,
        0.09333244531525807,
        0.4786932680189606,
        0.2201130055473331,
        0.0
    ],
    "brunei darussalam": [
        0.4047231624023502,
        0.001120742908210527,
        0.0900934919236714,
        0.09328027495772837,
        0.06313655150451292,
        0.2947773314629166,
        0.05286844493741619
    ],
    "bulgaria": [
        0.1995639454829146,
        0.0001891343507238436,
        0.07764487211024108,
        0.2566226362280946,
        0.02197296060168281,
        0.2234681443858047,
        0.2205383048821825
    ],
    "canada": [
        0.05566231962895211,
        0.0,
        0.1224359419124457,
        0.3392756115099035,
        0.1219115396827261,
        0.3519035896300847,
        0.008810997689094489
    ],
    "chile": [
        0.01409518532373551,
        0.0,
        0.3508826308456858,
        0.08377224855755067,
        0.1771209045650199,
        0.3741290209369801,
        0.0
    ],
    "china": [
        0.4283362449513353,
        0.001597911751656084,
        0.0782040740272188,
        0.09141081185217485,
        0.0003285077834517486,
        0.3266607122275959,
        0.07346173767793752
    ],
    "colombia": [
        0.3353343583955711,
        0.0,
        0.1234477583115558,
        0.1598239376381131,
        0.1508530864315532,
        0.2305408589706649,
        0.0
    ],
    "croatia": [
        0.1995639454829146,
        0.0001891343507238436,
        0.07764487211024108,
        0.2566226362280946,
        0.02197296060168281,
        0.2234681443858047,
        0.2205383048821825
    ],
    "czechia": [
        0.1548117671042204,
        0.0,
        0.02939969503791268,
        0.3111033020975837,
        0.1190837026809292,
        0.3031590789229734,
        0.08244243869554362
    ],
    "democratic people's republic of korea": [
        0.4047231624023502,
        0.001120742908210527,
        0.0900934919236714,
        0.09328027495772837,
        0.06313655150451292,
        0.2947773314629166,
        0.05286844493741619
    ],
    "denmark": [
        0.04621612367318659,
        0.0,
        0.2011386002678316,
        0.2969959606526366,
        0.0874788871139119,
        0.3293851239750902,
        0.03878530432797495
    ],
    "eu-27 member states": [
        0.08389540789232544,
        0.0,
        0.1012579851352535,
        0.3091303396426038,
        0.1077511473299219,
        0.3405505037848549,
        0.05741461586567172
    ],
    "egypt": [
        0.09112871953400299,
        0.0,
        0.2519121317530157,
        0.3947294424862798,
        0.0,
        0.2622297062779792,
        0.0
    ],
    "el salvador": [
        0.0648356125882444,
        0.001587598676140457,
        0.1555981913206967,
        0.1592828071222655,
        0.3724814647154509,
        0.2462143236792964,
        0.0
    ],
    "estonia": [
        0.01605324923213407,
        0.0,
        0.1594487389824447,
        0.2317030389018412,
        0.05449933776957384,
        0.4478440648245875,
        0.0904513257667011
    ],
    "europe, middle east, africa": [
        0.08834621257064579,
        0.002153897523426475,
        0.1426305026710397,
        0.406054913185641,
        0.09885547617870949,
        0.2428207938868038,
        0.01913820528855724
    ],
    "finland": [
        0.04360798832002455,
        0.0,
        0.09823924946261124,
        0.06066820965924848,
        0.3861897536728829,
        0.2968210672407322,
        0.1144737315520675
    ],
    "france": [
        0.03042351463957773,
        0.0,
        0.1023356497935001,
        0.3855310729777671,
        0.07077579951171303,
        0.3526306489790626,
        0.05830331448721624
    ],
    "germany": [
        0.09263192335055981,
        0.0,
        0.06385154778756486,
        0.3579943413292732,
        0.07646334183143315,
        0.3349139186048419,
        0.07414492700818262
    ],
    "global": [
        0.2630741460646158,
        0.001000892801696049,
        0.1029483906092238,
        0.2123856324660861,
        0.08424993667233359,
        0.2841265326984811,
        0.05221446874410326
    ],
    "greece": [
        0.06456403324129649,
        0.0,
        0.2726172352453245,
        0.1965510450843226,
        0.06225911605769755,
        0.4040085310356558,
        0.0
    ],
    "hungary": [
        0.02951889147106455,
        0.0,
        0.1618987689591451,
        0.309977068488663,
        0.08007918156522384,
        0.3387369345357641,
        0.07978913265594194
    ],
    "iceland": [
        0.0,
        0.0,
        0.01500414310442847,
        0.0,
        0.008895392086136687,
        0.9761004647800001,
        0.0
    ],
    "india": [
        0.3669516828310718,
        0.0,
        0.1167299077084856,
        0.02527756120473432,
        0.300999414571907,
        0.1900414341058696,
        0.0
    ],
    "indonesia": [
        0.3633443207642558,
        0.0,
        0.1118433891116604,
        0.2379999651947265,
        0.1447576385765861,
        0.1420546864813337,
        0.0
    ],
    "iran": [
        0.02034531881439211,
        0.006461692570279423,
        0.1420456397428021,
        0.7027420384120584,
        1.85942845455418e-05,
        0.1283867168533827,
        0.0
    ],
    "ireland": [
        0.03518061242293591,
        0.0,
        0.1638729922630436,
        0.4315582418781185,
        0.1114176651433317,
        0.2579705344800677,
        0.0
    ],
    "israel": [
        0.006905624417842442,
        0.0,
        0.1246217760527881,
        0.4343638897937651,
        0.03560839450360941,
        0.398500388595103,
        0.0
    ],
    "italy": [
        0.03021843290778401,
        0.0,
        0.06757178054671628,
        0.3375079817742816,
        0.03122322570803892,
        0.4212460766943602,
        0.1122325026680728
    ],