{
    "AC": {
        "mean": 0.015837704810396282,
        "std": 0.015995453139547474
    },
    "CC": {
        "mean": 3.9199171591742674,
        "std": 4.439147159583421
    },
    "ECO": {
        "mean": 99.39775924454182,
        "std": 189.53278768596647
    },
    "ER": {
        "mean": 63.832513998860115,
        "std": 60.15184813621606
    },
    "EUf": {
        "mean": 0.0008427851214051837,
        "std": 0.001377098762780738
    },
    "EUm": {
        "mean": 0.004864466556586232,
        "std": 0.024641490049204535
    },
    "EUt": {
        "mean": 0.03117073882170029,
        "std": 0.03880664956706385
    },
    "HT": {
        "mean": 6.49043750247962e-08,
        "std": 1.7332930036994053e-07
    },
    "IR": {
        "mean": 0.2513690143569616,
        "std": 0.2350838153283158
    },
    "LU": {
        "mean": 13.065225559327631,
        "std": 32.51479933369886
    },
    "MR": {
        "mean": 4.0982998936771675e-05,
        "std": 0.0002456937842910001
    },
    "OD": {
        "mean": 5.91372289775753e-07,
        "std": 5.690042869528575e-07
    },
    "PMF": {
        "mean": 1.0917553895069929e-07,
        "std": 1.0088522080041311e-07
    },
    "POF": {
        "mean": 0.008742891851773293,
        "std": 0.00831718892810113
    },
    "WU": {
        "mean": 1.2972409468953454,
        "std": 3.4099194408361466
    }
}